student_id,school,sex,age,address_type,family_size,parent_status,mother_education,father_education,mother_job,father_job,school_choice_reason,guardian,travel_time,study_time,class_failures,school_support,family_support,extra_paid_classes,activities,nursery_school,higher_ed,internet_access,romantic_relationship,family_relationship,free_time,social,weekday_alcohol,weekend_alcohol,health,absences
1,GP,F,18,Urban,Greater than 3,Apart,higher education,higher education,at_home,teacher,course,mother,15 to 30 min.,2 to 5 hours,0,yes,no,no,no,yes,yes,no,no,4,3,4,1,1,3,4
2,GP,F,17,Urban,Greater than 3,Living together,primary education (4th grade),primary education (4th grade),at_home,other,course,father,<15 min.,2 to 5 hours,0,no,yes,no,no,no,yes,yes,no,5,3,3,1,1,3,2
3,GP,F,15,Urban,Less than or equal to 3,Living together,primary education (4th grade),primary education (4th grade),at_home,other,other,mother,<15 min.,2 to 5 hours,0,yes,no,no,no,yes,yes,yes,no,4,3,2,2,3,3,6
4,GP,F,15,Urban,Greater than 3,Living together,higher education,5th to 9th grade,health,services,home,mother,<15 min.,5 to 10 hours,0,no,yes,no,yes,yes,yes,yes,yes,3,2,2,1,1,5,0
5,GP,F,16,Urban,Greater than 3,Living together,secondary education,secondary education,other,other,home,father,<15 min.,2 to 5 hours,0,no,yes,no,no,yes,yes,no,no,4,3,2,1,2,5,0
6,GP,M,16,Urban,Less than or equal to 3,Living together,higher education,secondary education,services,other,reputation,mother,<15 min.,2 to 5 hours,0,no,yes,no,yes,yes,yes,yes,no,5,4,2,1,2,5,6
7,GP,M,16,Urban,Less than or equal to 3,Living together,5th to 9th grade,5th to 9th grade,other,other,home,mother,<15 min.,2 to 5 hours,0,no,no,no,no,yes,yes,yes,no,4,4,4,1,1,3,0
8,GP,F,17,Urban,Greater than 3,Apart,higher education,higher education,other,teacher,home,mother,15 to 30 min.,2 to 5 hours,0,yes,yes,no,no,yes,yes,no,no,4,1,4,1,1,1,2
9,GP,M,15,Urban,Less than or equal to 3,Apart,secondary education,5th to 9th grade,services,other,home,mother,<15 min.,2 to 5 hours,0,no,yes,no,no,yes,yes,yes,no,4,2,2,1,1,1,0
10,GP,M,15,Urban,Greater than 3,Living together,secondary education,higher education,other,other,home,mother,<15 min.,2 to 5 hours,0,no,yes,no,yes,yes,yes,yes,no,5,5,1,1,1,5,0
11,GP,F,15,Urban,Greater than 3,Living together,higher education,higher education,teacher,health,reputation,mother,<15 min.,2 to 5 hours,0,no,yes,no,no,yes,yes,yes,no,3,3,3,1,2,2,2
12,GP,F,15,Urban,Greater than 3,Living together,5th to 9th grade,primary education (4th grade),services,other,reputation,father,30 min. to 1 hour,5 to 10 hours,0,no,yes,no,yes,yes,yes,yes,no,5,2,2,1,1,4,0
13,GP,M,15,Urban,Less than or equal to 3,Living together,higher education,higher education,health,services,course,father,<15 min.,<2 hours,0,no,yes,no,yes,yes,yes,yes,no,4,3,3,1,3,5,0
14,GP,M,15,Urban,Greater than 3,Living together,higher education,secondary education,teacher,other,course,mother,15 to 30 min.,2 to 5 hours,0,no,yes,no,no,yes,yes,yes,no,5,4,3,1,2,3,0
15,GP,M,15,Urban,Greater than 3,Apart,5th to 9th grade,5th to 9th grade,other,other,home,other,<15 min.,5 to 10 hours,0,no,yes,no,no,yes,yes,yes,yes,4,5,2,1,1,3,0
16,GP,F,16,Urban,Greater than 3,Living together,higher education,higher education,health,other,home,mother,<15 min.,<2 hours,0,no,yes,no,no,yes,yes,yes,no,4,4,4,1,2,2,6
17,GP,F,16,Urban,Greater than 3,Living together,higher education,higher education,services,services,reputation,mother,<15 min.,5 to 10 hours,0,no,yes,no,yes,yes,yes,yes,no,3,2,3,1,2,2,10
18,GP,F,16,Urban,Greater than 3,Living together,secondary education,secondary education,other,other,reputation,mother,30 min. to 1 hour,2 to 5 hours,0,yes,yes,no,yes,yes,yes,no,no,5,3,2,1,1,4,2
19,GP,M,17,Urban,Greater than 3,Living together,secondary education,5th to 9th grade,services,services,course,mother,<15 min.,<2 hours,3,no,yes,yes,yes,yes,yes,yes,no,5,5,5,2,4,5,2
20,GP,M,16,Urban,Less than or equal to 3,Living together,higher education,secondary education,health,other,home,father,<15 min.,<2 hours,0,no,no,no,yes,yes,yes,yes,no,3,1,3,1,3,5,6
21,GP,M,15,Urban,Greater than 3,Living together,higher education,secondary education,teacher,other,reputation,mother,<15 min.,2 to 5 hours,0,no,no,no,no,yes,yes,yes,no,4,4,1,1,1,1,0
22,GP,M,15,Urban,Greater than 3,Living together,higher education,higher education,health,health,other,father,<15 min.,<2 hours,0,no,yes,yes,no,yes,yes,yes,no,5,4,2,1,1,5,0
23,GP,M,16,Urban,Less than or equal to 3,Living together,higher education,5th to 9th grade,teacher,other,course,mother,<15 min.,2 to 5 hours,0,no,no,no,yes,yes,yes,yes,no,4,5,1,1,3,5,0
24,GP,M,16,Urban,Less than or equal to 3,Living together,5th to 9th grade,5th to 9th grade,other,other,reputation,mother,15 to 30 min.,2 to 5 hours,0,no,yes,no,yes,yes,yes,yes,no,5,4,4,2,4,5,2
25,GP,F,15,Rural,Greater than 3,Living together,5th to 9th grade,higher education,services,health,course,mother,<15 min.,5 to 10 hours,0,yes,yes,no,yes,yes,yes,yes,no,4,3,2,1,1,5,2
26,GP,F,16,Urban,Greater than 3,Living together,5th to 9th grade,5th to 9th grade,services,services,home,mother,<15 min.,<2 hours,0,no,yes,no,no,no,yes,yes,no,1,2,2,1,3,5,6
27,GP,M,15,Urban,Greater than 3,Living together,5th to 9th grade,5th to 9th grade,other,other,home,mother,<15 min.,<2 hours,0,no,yes,no,no,yes,yes,yes,no,4,2,2,1,2,5,8
28,GP,M,15,Urban,Greater than 3,Living together,higher education,5th to 9th grade,health,services,other,mother,<15 min.,<2 hours,0,no,no,no,no,yes,yes,yes,no,2,2,4,2,4,1,0
29,GP,M,16,Urban,Less than or equal to 3,Apart,secondary education,higher education,services,other,home,mother,<15 min.,2 to 5 hours,0,yes,yes,yes,yes,yes,yes,yes,no,5,3,3,1,1,5,2
30,GP,M,16,Urban,Greater than 3,Living together,higher education,higher education,teacher,teacher,home,mother,<15 min.,2 to 5 hours,0,no,yes,yes,yes,yes,yes,yes,yes,4,4,5,5,5,5,4
31,GP,M,15,Urban,Greater than 3,Living together,higher education,higher education,health,services,home,mother,<15 min.,2 to 5 hours,0,no,yes,yes,no,no,yes,yes,no,5,4,2,3,4,5,0
32,GP,M,15,Urban,Greater than 3,Living together,higher education,higher education,services,services,reputation,mother,15 to 30 min.,2 to 5 hours,0,no,yes,no,yes,yes,yes,yes,no,4,3,1,1,1,5,2
33,GP,M,15,Rural,Greater than 3,Living together,higher education,secondary education,teacher,at_home,course,mother,<15 min.,2 to 5 hours,0,no,yes,no,yes,yes,yes,yes,yes,4,5,2,1,1,5,0
34,GP,M,15,Urban,Less than or equal to 3,Living together,secondary education,secondary education,other,other,course,mother,<15 min.,2 to 5 hours,0,no,no,no,yes,no,yes,yes,no,5,3,2,1,1,2,0
35,GP,M,16,Urban,Greater than 3,Living together,secondary education,5th to 9th grade,other,other,home,mother,<15 min.,<2 hours,0,no,yes,no,no,no,yes,yes,no,5,4,3,1,1,5,4
36,GP,F,15,Urban,Greater than 3,Living together,5th to 9th grade,secondary education,other,other,other,father,15 to 30 min.,<2 hours,0,no,yes,no,yes,yes,yes,no,no,3,5,1,1,1,5,4
37,GP,M,15,Urban,Less than or equal to 3,Living together,higher education,secondary education,teacher,services,home,mother,<15 min.,5 to 10 hours,0,no,yes,no,yes,yes,yes,yes,no,5,4,3,1,1,4,0
38,GP,M,16,Rural,Greater than 3,Apart,higher education,higher education,other,teacher,reputation,mother,15 to 30 min.,5 to 10 hours,0,no,yes,no,yes,yes,yes,yes,yes,2,4,3,1,1,5,4
39,GP,F,15,Rural,Greater than 3,Living together,secondary education,higher education,services,health,course,mother,<15 min.,5 to 10 hours,0,yes,yes,no,yes,yes,yes,yes,no,4,3,2,1,1,5,2
40,GP,F,15,Rural,Greater than 3,Living together,5th to 9th grade,5th to 9th grade,at_home,other,reputation,mother,<15 min.,<2 hours,0,yes,yes,no,yes,yes,yes,no,no,4,3,1,1,1,2,8
41,GP,F,16,Urban,Less than or equal to 3,Living together,5th to 9th grade,5th to 9th grade,other,other,home,mother,15 to 30 min.,2 to 5 hours,0,no,yes,no,yes,no,yes,yes,yes,3,3,3,1,2,3,16
42,GP,M,15,Urban,Less than or equal to 3,Living together,higher education,higher education,teacher,other,home,other,<15 min.,<2 hours,0,no,yes,no,no,no,yes,yes,yes,5,4,3,2,4,5,8
43,GP,M,15,Urban,Greater than 3,Living together,higher education,higher education,services,teacher,course,father,<15 min.,2 to 5 hours,0,no,yes,no,yes,yes,yes,yes,no,4,3,3,1,1,5,0
44,GP,M,15,Urban,Greater than 3,Living together,5th to 9th grade,5th to 9th grade,services,services,course,father,<15 min.,<2 hours,0,yes,yes,no,no,yes,yes,yes,no,5,4,1,1,1,1,0
45,GP,F,16,Urban,Less than or equal to 3,Living together,5th to 9th grade,5th to 9th grade,other,at_home,course,father,15 to 30 min.,2 to 5 hours,1,yes,no,no,yes,yes,yes,yes,no,4,3,3,2,2,5,14
46,GP,F,15,Urban,Less than or equal to 3,Apart,higher education,secondary education,other,other,course,mother,<15 min.,2 to 5 hours,0,yes,yes,yes,yes,yes,yes,yes,yes,5,2,2,1,1,5,4
47,GP,F,16,Urban,Less than or equal to 3,Apart,secondary education,secondary education,other,services,home,mother,<15 min.,2 to 5 hours,0,no,yes,no,no,yes,yes,yes,no,2,3,5,1,4,3,6
48,GP,M,16,Urban,Greater than 3,Living together,higher education,secondary education,health,services,reputation,mother,<15 min.,>10 hours,0,no,no,no,yes,yes,yes,yes,no,4,2,2,1,1,2,2
49,GP,M,15,Urban,Greater than 3,Living together,higher education,5th to 9th grade,teacher,other,home,mother,<15 min.,2 to 5 hours,0,no,yes,no,no,yes,yes,no,no,4,3,3,2,2,5,4
50,GP,F,15,Urban,Greater than 3,Living together,higher education,higher education,services,teacher,other,father,<15 min.,2 to 5 hours,0,yes,yes,no,yes,no,yes,yes,no,4,4,4,1,1,3,2
51,GP,F,16,Urban,Less than or equal to 3,Living together,5th to 9th grade,5th to 9th grade,services,services,course,mother,30 min. to 1 hour,2 to 5 hours,0,no,yes,no,no,yes,yes,yes,no,4,3,3,2,3,4,0
52,GP,F,15,Urban,Less than or equal to 3,Living together,higher education,5th to 9th grade,health,other,other,mother,<15 min.,2 to 5 hours,0,no,yes,no,no,yes,yes,yes,no,4,3,3,1,1,5,0
53,GP,M,15,Urban,Less than or equal to 3,Apart,higher education,5th to 9th grade,health,health,other,father,15 to 30 min.,<2 hours,0,no,no,no,no,yes,yes,no,no,5,5,5,3,4,5,4
54,GP,F,15,Urban,Greater than 3,Living together,higher education,higher education,services,services,course,mother,<15 min.,<2 hours,0,yes,yes,no,no,yes,yes,yes,no,3,3,4,2,3,5,0
55,GP,F,15,Urban,Less than or equal to 3,Apart,secondary education,secondary education,other,other,other,mother,<15 min.,<2 hours,0,no,no,no,no,yes,yes,yes,no,5,3,4,4,4,1,0
56,GP,F,16,Urban,Greater than 3,Apart,5th to 9th grade,primary education (4th grade),other,other,other,mother,<15 min.,2 to 5 hours,0,no,no,no,yes,yes,yes,yes,yes,5,3,4,1,1,2,2
57,GP,F,15,Urban,Greater than 3,Apart,higher education,secondary education,services,services,reputation,mother,<15 min.,2 to 5 hours,0,no,yes,no,yes,yes,yes,yes,no,4,3,2,1,1,1,0
58,GP,M,15,Urban,Greater than 3,Living together,higher education,higher education,teacher,health,reputation,mother,<15 min.,2 to 5 hours,0,no,yes,no,yes,yes,yes,no,no,3,2,2,1,1,5,8
59,GP,M,15,Urban,Less than or equal to 3,Living together,primary education (4th grade),5th to 9th grade,other,at_home,home,father,<15 min.,2 to 5 hours,0,yes,yes,no,yes,yes,yes,yes,no,4,3,2,1,1,5,0
60,GP,F,16,Urban,Greater than 3,Living together,higher education,5th to 9th grade,services,other,course,mother,<15 min.,2 to 5 hours,0,no,yes,yes,no,yes,yes,yes,no,4,2,3,1,1,5,2
61,GP,F,16,Rural,Greater than 3,Living together,higher education,higher education,health,teacher,other,mother,<15 min.,2 to 5 hours,0,no,yes,no,yes,yes,yes,no,no,2,4,4,2,3,4,0
62,GP,F,16,Urban,Greater than 3,Living together,primary education (4th grade),primary education (4th grade),services,services,course,father,>1 hour,<2 hours,0,yes,yes,no,yes,no,yes,yes,yes,5,5,5,5,5,5,0
63,GP,F,16,Urban,Less than or equal to 3,Living together,primary education (4th grade),5th to 9th grade,other,services,reputation,father,<15 min.,2 to 5 hours,0,yes,no,no,yes,yes,yes,yes,no,4,4,3,1,1,1,0
64,GP,F,16,Urban,Greater than 3,Living together,higher education,secondary education,teacher,health,home,mother,<15 min.,5 to 10 hours,0,yes,yes,no,yes,yes,yes,yes,no,3,4,4,2,4,4,0
65,GP,F,15,Urban,Less than or equal to 3,Living together,higher education,secondary education,services,services,reputation,father,<15 min.,2 to 5 hours,0,yes,no,no,yes,yes,yes,yes,yes,4,4,4,2,4,2,0
66,GP,F,16,Urban,Less than or equal to 3,Living together,higher education,secondary education,teacher,services,course,mother,30 min. to 1 hour,2 to 5 hours,0,no,yes,no,yes,yes,yes,yes,no,5,4,3,1,2,1,2
67,GP,M,15,Urban,Greater than 3,Apart,higher education,higher education,other,services,reputation,mother,<15 min.,>10 hours,0,no,yes,no,yes,no,yes,yes,yes,1,3,3,5,5,3,0
68,GP,F,16,Urban,Greater than 3,Living together,secondary education,primary education (4th grade),services,other,course,mother,<15 min.,>10 hours,0,yes,yes,no,no,yes,yes,yes,no,4,3,3,1,2,5,0
69,GP,F,15,Rural,Less than or equal to 3,Living together,5th to 9th grade,5th to 9th grade,health,services,reputation,mother,15 to 30 min.,2 to 5 hours,0,yes,yes,no,no,yes,yes,yes,no,4,1,3,1,3,4,0
70,GP,F,15,Rural,Less than or equal to 3,Living together,secondary education,primary education (4th grade),other,other,reputation,father,15 to 30 min.,>10 hours,0,no,yes,no,no,no,yes,yes,no,4,4,2,2,3,3,6
71,GP,M,16,Urban,Greater than 3,Living together,secondary education,primary education (4th grade),other,other,reputation,father,15 to 30 min.,>10 hours,0,no,yes,no,no,yes,yes,yes,no,4,3,2,1,1,5,2
72,GP,M,15,Urban,Greater than 3,Living together,higher education,5th to 9th grade,other,other,course,mother,<15 min.,>10 hours,0,no,no,no,no,yes,yes,yes,no,3,3,3,1,1,3,0
73,GP,F,15,Rural,Greater than 3,Living together,primary education (4th grade),primary education (4th grade),other,other,reputation,mother,<15 min.,2 to 5 hours,0,yes,yes,no,no,no,yes,yes,yes,3,3,4,2,4,5,2
74,GP,M,16,Urban,Greater than 3,Living together,secondary education,primary education (4th grade),other,other,reputation,mother,<15 min.,<2 hours,0,no,no,no,yes,yes,yes,no,no,5,3,2,2,2,5,0
75,GP,F,16,Urban,Greater than 3,Living together,secondary education,secondary education,other,services,home,mother,<15 min.,2 to 5 hours,0,yes,yes,no,yes,yes,yes,yes,no,4,3,3,2,4,5,4
76,GP,M,15,Urban,Greater than 3,Living together,higher education,secondary education,teacher,other,home,mother,<15 min.,2 to 5 hours,0,no,yes,no,yes,yes,yes,yes,no,4,3,3,2,3,5,0
77,GP,M,15,Urban,Greater than 3,Living together,higher education,none,teacher,other,course,mother,15 to 30 min.,>10 hours,0,no,no,no,yes,yes,yes,yes,no,3,4,3,1,1,1,0
78,GP,F,16,Urban,Greater than 3,Living together,5th to 9th grade,5th to 9th grade,other,other,reputation,mother,<15 min.,>10 hours,0,no,no,no,no,yes,yes,yes,yes,5,2,3,1,3,3,1
79,GP,M,17,Urban,Greater than 3,Living together,5th to 9th grade,primary education (4th grade),other,other,home,mother,15 to 30 min.,<2 hours,3,yes,yes,no,yes,yes,no,yes,no,4,5,1,1,1,3,0
80,GP,F,16,Urban,Greater than 3,Living together,secondary education,higher education,at_home,other,course,mother,<15 min.,2 to 5 hours,0,no,yes,no,no,yes,yes,yes,no,2,4,3,1,2,3,14
81,GP,M,15,Urban,Greater than 3,Living together,5th to 9th grade,secondary education,other,services,course,father,<15 min.,<2 hours,0,yes,yes,no,yes,no,yes,yes,yes,3,2,2,1,3,3,0
82,GP,M,15,Urban,Greater than 3,Living together,5th to 9th grade,secondary education,other,other,home,mother,<15 min.,5 to 10 hours,0,yes,no,no,no,no,yes,yes,no,5,3,2,1,2,5,2
83,GP,F,15,Urban,Less than or equal to 3,Living together,secondary education,5th to 9th grade,services,other,reputation,mother,<15 min.,2 to 5 hours,0,no,yes,no,no,yes,yes,yes,no,4,4,4,1,1,5,4
84,GP,M,15,Urban,Less than or equal to 3,Living together,5th to 9th grade,5th to 9th grade,services,services,home,mother,15 to 30 min.,2 to 5 hours,0,no,no,yes,yes,yes,yes,yes,no,5,3,3,1,3,4,2
85,GP,F,15,Urban,Greater than 3,Living together,primary education (4th grade),primary education (4th grade),other,other,home,father,<15 min.,2 to 5 hours,0,no,yes,no,yes,no,yes,yes,no,4,3,2,2,3,4,2
86,GP,F,15,Urban,Greater than 3,Living together,higher education,higher education,services,services,reputation,father,15 to 30 min.,2 to 5 hours,0,no,no,no,no,yes,yes,yes,yes,4,4,4,2,3,5,4
87,GP,F,16,Urban,Less than or equal to 3,Living together,5th to 9th grade,5th to 9th grade,at_home,other,course,mother,<15 min.,2 to 5 hours,0,no,yes,no,no,yes,yes,no,no,4,3,4,1,2,2,6
88,GP,F,15,Urban,Greater than 3,Living together,higher education,5th to 9th grade,other,other,reputation,mother,<15 min.,5 to 10 hours,0,no,yes,no,yes,yes,yes,yes,no,5,3,3,1,3,1,4
89,GP,M,16,Urban,Greater than 3,Living together,5th to 9th grade,5th to 9th grade,services,other,reputation,father,15 to 30 min.,2 to 5 hours,0,no,no,no,yes,no,yes,yes,no,4,4,2,1,1,3,6
90,GP,M,16,Urban,Less than or equal to 3,Apart,higher education,higher education,teacher,health,reputation,mother,<15 min.,2 to 5 hours,0,no,yes,no,no,yes,yes,no,no,4,1,3,3,5,5,6
91,GP,F,16,Urban,Greater than 3,Living together,secondary education,secondary education,other,other,home,mother,<15 min.,5 to 10 hours,0,no,yes,no,no,yes,yes,yes,yes,4,3,3,1,3,4,2
92,GP,F,15,Urban,Greater than 3,Living together,higher education,secondary education,services,other,reputation,mother,<15 min.,<2 hours,0,no,no,no,yes,yes,yes,yes,no,4,5,5,1,3,1,6
93,GP,F,16,Urban,Less than or equal to 3,Living together,secondary education,primary education (4th grade),other,other,home,father,<15 min.,2 to 5 hours,0,yes,yes,no,no,yes,yes,no,no,3,3,3,2,3,2,0
94,GP,F,16,Urban,Greater than 3,Living together,higher education,5th to 9th grade,teacher,services,home,mother,15 to 30 min.,2 to 5 hours,0,no,yes,no,yes,yes,yes,yes,no,5,3,3,1,1,1,2
95,GP,M,15,Urban,Less than or equal to 3,Living together,5th to 9th grade,5th to 9th grade,services,health,reputation,mother,<15 min.,>10 hours,0,no,yes,no,yes,yes,yes,yes,no,4,3,4,1,1,4,2
96,GP,F,15,Rural,Greater than 3,Living together,primary education (4th grade),primary education (4th grade),at_home,other,home,mother,15 to 30 min.,>10 hours,0,yes,yes,yes,yes,yes,yes,yes,no,3,1,2,1,1,1,4
97,GP,M,16,Rural,Greater than 3,Living together,higher education,secondary education,services,other,reputation,mother,15 to 30 min.,<2 hours,0,yes,yes,yes,yes,no,yes,yes,no,3,3,3,1,1,4,6
98,GP,F,16,Urban,Greater than 3,Living together,5th to 9th grade,primary education (4th grade),other,other,course,mother,<15 min.,2 to 5 hours,0,no,yes,no,no,yes,yes,no,yes,4,3,5,1,1,5,0
99,GP,F,16,Urban,Greater than 3,Living together,higher education,higher education,other,other,reputation,mother,<15 min.,<2 hours,0,no,no,no,yes,no,yes,yes,no,5,3,4,1,2,1,4
100,GP,F,16,Urban,Greater than 3,Living together,higher education,secondary education,other,at_home,course,mother,<15 min.,5 to 10 hours,0,yes,yes,no,no,yes,yes,yes,no,5,3,5,1,1,3,2
101,GP,M,16,Urban,Greater than 3,Living together,higher education,higher education,services,services,other,mother,<15 min.,<2 hours,0,yes,yes,no,yes,yes,yes,yes,no,4,5,5,5,5,4,12
102,GP,M,16,Urban,Greater than 3,Living together,higher education,higher education,services,teacher,other,father,<15 min.,5 to 10 hours,0,no,yes,no,yes,yes,yes,yes,yes,4,4,3,1,1,4,0
103,GP,M,15,Urban,Greater than 3,Living together,higher education,higher education,services,other,course,mother,<15 min.,<2 hours,0,no,yes,yes,yes,no,yes,yes,no,5,3,3,1,1,5,2
104,GP,F,15,Urban,Greater than 3,Living together,secondary education,5th to 9th grade,services,other,home,mother,15 to 30 min.,2 to 5 hours,0,yes,yes,no,no,yes,yes,yes,no,4,3,5,1,1,2,16
105,GP,M,15,Urban,Greater than 3,Apart,secondary education,higher education,services,other,course,mother,<15 min.,2 to 5 hours,0,no,yes,no,yes,yes,yes,yes,no,5,4,4,1,1,1,0
106,GP,F,15,Urban,Greater than 3,Apart,secondary education,secondary education,other,health,reputation,father,<15 min.,>10 hours,0,yes,no,no,no,yes,yes,no,no,4,3,3,1,1,4,10
107,GP,F,15,Urban,Greater than 3,Living together,5th to 9th grade,5th to 9th grade,other,other,course,mother,<15 min.,>10 hours,0,yes,yes,no,no,yes,yes,yes,no,5,1,2,1,1,3,4
108,GP,M,16,Urban,Greater than 3,Living together,secondary education,secondary education,services,other,home,father,<15 min.,5 to 10 hours,0,no,yes,no,yes,yes,yes,yes,no,5,3,3,1,1,5,4
109,GP,M,15,Rural,Greater than 3,Living together,higher education,higher education,other,other,home,father,>1 hour,>10 hours,0,no,yes,no,yes,yes,yes,yes,yes,1,3,5,3,5,1,8
110,GP,F,16,Urban,Less than or equal to 3,Living together,higher education,higher education,health,health,other,mother,<15 min.,5 to 10 hours,0,no,yes,no,yes,yes,yes,yes,yes,5,4,5,1,1,4,2
111,GP,M,15,Urban,Less than or equal to 3,Apart,higher education,higher education,teacher,teacher,course,mother,<15 min.,<2 hours,0,no,no,no,yes,yes,yes,yes,no,5,5,3,1,1,4,4
112,GP,F,16,Rural,Greater than 3,Living together,secondary education,secondary education,services,other,reputation,father,<15 min.,5 to 10 hours,0,yes,yes,no,yes,yes,yes,yes,no,4,1,2,1,1,2,4
113,GP,F,16,Urban,Greater than 3,Living together,5th to 9th grade,5th to 9th grade,at_home,other,home,mother,<15 min.,2 to 5 hours,1,yes,no,no,yes,yes,yes,yes,no,3,1,2,1,1,5,12
114,GP,M,15,Urban,Less than or equal to 3,Living together,higher education,5th to 9th grade,teacher,other,course,mother,<15 min.,<2 hours,0,no,no,no,no,yes,yes,yes,no,3,5,2,1,1,3,10
115,GP,M,15,Rural,Greater than 3,Living together,5th to 9th grade,primary education (4th grade),health,services,reputation,mother,<15 min.,2 to 5 hours,0,no,no,no,yes,yes,yes,yes,yes,5,4,2,1,1,5,4
116,GP,M,16,Urban,Greater than 3,Living together,higher education,higher education,teacher,teacher,course,father,<15 min.,2 to 5 hours,0,no,yes,no,yes,yes,yes,yes,no,5,4,4,1,2,5,6
117,GP,M,15,Urban,Greater than 3,Living together,higher education,higher education,other,teacher,reputation,father,15 to 30 min.,2 to 5 hours,0,no,yes,no,yes,yes,yes,no,no,4,4,3,1,1,2,4
118,GP,M,16,Urban,Greater than 3,Living together,secondary education,secondary education,other,services,home,father,15 to 30 min.,<2 hours,0,no,no,no,yes,yes,yes,yes,no,5,4,2,1,1,5,6
119,GP,M,17,Rural,Greater than 3,Living together,primary education (4th grade),secondary education,other,other,course,father,30 min. to 1 hour,2 to 5 hours,1,no,yes,no,yes,yes,yes,yes,no,5,2,4,1,4,5,14
120,GP,M,15,Urban,Greater than 3,Living together,secondary education,higher education,other,other,reputation,father,<15 min.,<2 hours,0,no,no,no,no,yes,yes,yes,no,3,4,3,1,2,4,2
121,GP,F,15,Urban,Greater than 3,Living together,primary education (4th grade),5th to 9th grade,at_home,services,course,mother,<15 min.,2 to 5 hours,0,no,no,no,no,no,yes,yes,no,3,2,3,1,2,1,0
122,GP,M,15,Urban,Greater than 3,Living together,5th to 9th grade,5th to 9th grade,services,services,home,father,<15 min.,>10 hours,0,no,yes,no,yes,yes,yes,yes,no,5,5,4,1,2,5,6
123,GP,F,16,Urban,Less than or equal to 3,Living together,5th to 9th grade,higher education,other,health,course,father,15 to 30 min.,2 to 5 hours,0,no,yes,no,yes,yes,yes,yes,yes,4,2,2,1,2,5,2
124,GP,M,16,Urban,Greater than 3,Living together,higher education,higher education,health,other,course,mother,<15 min.,<2 hours,0,no,yes,no,yes,yes,yes,yes,no,3,4,4,1,4,5,4
125,GP,F,16,Urban,Greater than 3,Living together,5th to 9th grade,5th to 9th grade,other,other,home,mother,<15 min.,2 to 5 hours,0,no,no,no,no,yes,yes,yes,yes,5,4,4,1,1,5,0
126,GP,M,15,Urban,Greater than 3,Living together,secondary education,higher education,services,services,home,father,<15 min.,<2 hours,0,yes,no,no,no,yes,yes,yes,no,5,5,5,3,2,5,2
127,GP,F,15,Urban,Less than or equal to 3,Apart,secondary education,higher education,other,other,home,mother,<15 min.,2 to 5 hours,0,yes,no,no,yes,yes,yes,yes,yes,5,3,2,1,1,1,0
128,GP,F,19,Urban,Greater than 3,Living together,none,primary education (4th grade),at_home,other,course,other,<15 min.,2 to 5 hours,2,no,yes,no,no,no,no,no,no,3,4,2,1,1,5,0
129,GP,M,16,Rural,Greater than 3,Living together,higher education,higher education,teacher,teacher,course,mother,<15 min.,<2 hours,0,no,no,no,yes,yes,yes,yes,no,3,5,5,2,5,4,8
130,GP,M,16,Urban,Greater than 3,Living together,5th to 9th grade,secondary education,other,other,course,mother,15 to 30 min.,5 to 10 hours,0,no,yes,no,no,no,yes,yes,yes,3,2,3,2,2,1,4
131,GP,F,15,Rural,Greater than 3,Living together,secondary education,higher education,services,teacher,course,father,15 to 30 min.,5 to 10 hours,0,no,yes,no,no,yes,yes,yes,yes,4,2,2,2,2,5,0
132,GP,F,18,Urban,Greater than 3,Living together,5th to 9th grade,primary education (4th grade),services,other,reputation,mother,<15 min.,2 to 5 hours,3,no,yes,no,yes,yes,no,yes,yes,5,4,5,1,3,5,10
133,GP,F,17,Urban,Less than or equal to 3,Apart,5th to 9th grade,primary education (4th grade),other,other,course,mother,30 min. to 1 hour,<2 hours,0,no,yes,no,no,yes,yes,yes,no,3,2,2,1,2,5,8
134,GP,F,15,Urban,Greater than 3,Living together,primary education (4th grade),primary education (4th grade),at_home,other,course,mother,30 min. to 1 hour,<2 hours,0,no,yes,no,yes,no,yes,yes,yes,4,3,3,1,2,4,6
135,GP,F,17,Urban,Less than or equal to 3,Living together,5th to 9th grade,5th to 9th grade,other,other,course,father,<15 min.,<2 hours,0,no,yes,no,no,yes,yes,yes,yes,3,4,4,1,3,5,2
136,GP,F,16,Urban,Greater than 3,Apart,secondary education,higher education,services,other,course,father,<15 min.,<2 hours,0,no,no,no,no,yes,yes,yes,no,3,2,1,1,4,5,12
137,GP,M,16,Urban,Greater than 3,Living together,5th to 9th grade,primary education (4th grade),at_home,other,course,mother,>1 hour,<2 hours,0,no,no,no,no,yes,yes,no,no,3,2,1,1,1,2,4
138,GP,F,16,Urban,Greater than 3,Apart,5th to 9th grade,5th to 9th grade,other,other,home,mother,<15 min.,<2 hours,1,no,no,no,no,yes,yes,no,no,5,3,4,1,1,5,12
139,GP,M,15,Rural,Greater than 3,Living together,secondary education,higher education,at_home,teacher,course,mother,>1 hour,2 to 5 hours,0,no,yes,no,no,yes,yes,no,yes,5,3,3,1,1,5,2
140,GP,F,15,Urban,Greater than 3,Living together,higher education,higher education,services,at_home,course,mother,<15 min.,5 to 10 hours,0,no,yes,no,yes,yes,yes,yes,yes,4,3,3,1,1,5,4
141,GP,M,17,Rural,Greater than 3,Living together,secondary education,higher education,at_home,other,course,mother,30 min. to 1 hour,2 to 5 hours,0,no,no,no,no,yes,yes,no,no,5,4,5,2,4,5,2
142,GP,F,16,Rural,Greater than 3,Living together,primary education (4th grade),primary education (4th grade),at_home,other,course,mother,>1 hour,2 to 5 hours,0,no,yes,no,no,yes,yes,no,no,5,1,3,1,1,3,0
143,GP,M,18,Urban,Less than or equal to 3,Living together,secondary education,primary education (4th grade),services,services,course,mother,15 to 30 min.,<2 hours,0,no,no,no,yes,yes,yes,yes,yes,3,3,4,4,5,4,2
144,GP,F,18,Urban,Greater than 3,Apart,secondary education,5th to 9th grade,other,services,course,other,<15 min.,5 to 10 hours,0,no,yes,no,yes,no,yes,yes,yes,4,3,3,5,1,5,10
145,GP,F,16,Rural,Greater than 3,Living together,primary education (4th grade),primary education (4th grade),other,services,reputation,mother,15 to 30 min.,<2 hours,0,no,yes,no,yes,yes,yes,no,yes,3,3,3,1,2,1,8
146,GP,F,16,Urban,Greater than 3,Apart,secondary education,secondary education,other,other,course,other,15 to 30 min.,<2 hours,0,no,yes,no,yes,no,yes,yes,yes,4,3,2,1,1,5,4
147,GP,M,16,Urban,Less than or equal to 3,Living together,primary education (4th grade),primary education (4th grade),services,other,course,mother,<15 min.,2 to 5 hours,2,no,no,no,no,yes,yes,no,yes,4,4,4,1,3,5,0
148,GP,F,15,Urban,Greater than 3,Living together,higher education,higher education,teacher,teacher,course,mother,15 to 30 min.,<2 hours,0,no,no,no,yes,yes,yes,yes,no,4,3,2,1,1,5,6
149,GP,F,15,Rural,Greater than 3,Living together,primary education (4th grade),primary education (4th grade),other,other,course,mother,30 min. to 1 hour,<2 hours,1,no,no,no,yes,yes,yes,yes,yes,5,5,5,1,1,1,2
150,GP,M,15,Urban,Greater than 3,Living together,higher education,secondary education,teacher,services,course,father,15 to 30 min.,>10 hours,0,yes,yes,no,no,yes,yes,yes,no,2,2,2,1,1,3,6
151,GP,F,15,Urban,Greater than 3,Apart,secondary education,secondary education,services,services,home,mother,<15 min.,2 to 5 hours,0,no,no,no,no,no,yes,no,yes,1,3,2,2,3,1,24
152,GP,M,16,Urban,Greater than 3,Living together,higher education,higher education,services,services,course,mother,<15 min.,5 to 10 hours,0,no,yes,no,yes,yes,yes,yes,no,5,3,3,1,3,5,0
153,GP,M,16,Urban,Less than or equal to 3,Living together,5th to 9th grade,5th to 9th grade,services,services,reputation,father,15 to 30 min.,<2 hours,0,no,yes,no,yes,yes,yes,yes,no,2,3,3,2,2,2,4
154,GP,F,15,Urban,Greater than 3,Living together,higher education,higher education,teacher,services,course,mother,<15 min.,5 to 10 hours,0,no,yes,no,yes,yes,yes,yes,no,4,2,2,1,1,5,2
155,GP,F,16,Urban,Less than or equal to 3,Living together,primary education (4th grade),primary education (4th grade),at_home,at_home,course,mother,<15 min.,<2 hours,0,no,no,no,no,yes,yes,yes,no,3,4,4,3,3,1,4
156,GP,M,17,Urban,Greater than 3,Living together,5th to 9th grade,primary education (4th grade),other,other,home,mother,<15 min.,<2 hours,0,no,yes,no,no,yes,yes,yes,no,5,4,5,1,2,5,22
157,GP,F,15,Urban,Greater than 3,Living together,primary education (4th grade),primary education (4th grade),other,services,course,father,<15 min.,2 to 5 hours,0,no,yes,no,no,yes,yes,yes,no,4,4,2,1,2,5,0
158,GP,F,15,Urban,Less than or equal to 3,Apart,5th to 9th grade,primary education (4th grade),at_home,other,home,mother,15 to 30 min.,<2 hours,0,no,yes,no,yes,yes,no,yes,yes,4,4,2,1,1,5,0
159,GP,F,15,Urban,Greater than 3,Living together,secondary education,5th to 9th grade,health,services,home,father,<15 min.,2 to 5 hours,1,no,yes,no,no,yes,yes,yes,no,3,3,2,1,1,3,2
160,GP,F,15,Urban,Greater than 3,Living together,primary education (4th grade),5th to 9th grade,at_home,other,course,mother,<15 min.,2 to 5 hours,0,no,yes,no,no,no,yes,yes,no,4,3,2,1,1,5,6
161,GP,F,15,Urban,Greater than 3,Living together,primary education (4th grade),5th to 9th grade,at_home,services,course,father,<15 min.,2 to 5 hours,0,no,no,no,no,no,yes,no,yes,2,3,4,2,4,1,6
162,GP,M,16,Urban,Greater than 3,Living together,higher education,higher education,teacher,teacher,course,mother,<15 min.,<2 hours,0,no,yes,no,no,yes,no,yes,yes,3,3,2,2,1,5,16
163,GP,M,15,Urban,Less than or equal to 3,Apart,5th to 9th grade,primary education (4th grade),services,other,course,mother,>1 hour,<2 hours,0,no,no,no,no,yes,yes,yes,no,4,5,5,2,5,5,0
164,GP,M,18,Urban,Less than or equal to 3,Living together,primary education (4th grade),primary education (4th grade),other,other,course,mother,<15 min.,<2 hours,2,no,no,no,no,yes,no,yes,yes,2,3,5,2,5,4,0
165,GP,M,16,Urban,Less than or equal to 3,Living together,5th to 9th grade,primary education (4th grade),at_home,other,course,mother,<15 min.,<2 hours,1,no,no,no,yes,yes,yes,no,yes,4,4,4,3,5,5,6
166,GP,F,15,Rural,Greater than 3,Living together,secondary education,secondary education,services,services,reputation,other,15 to 30 min.,5 to 10 hours,0,no,yes,yes,yes,yes,yes,yes,yes,4,2,1,2,3,3,2
167,GP,M,19,Urban,Greater than 3,Living together,secondary education,5th to 9th grade,services,at_home,home,mother,<15 min.,<2 hours,0,no,yes,no,no,yes,no,yes,yes,4,5,4,1,1,4,6
168,GP,F,17,Urban,Greater than 3,Living together,higher education,higher education,other,teacher,course,mother,<15 min.,<2 hours,0,yes,yes,no,no,yes,yes,no,yes,4,2,1,1,1,4,0
169,GP,M,15,Rural,Greater than 3,Living together,5th to 9th grade,secondary education,at_home,services,course,mother,<15 min.,2 to 5 hours,0,yes,no,yes,yes,yes,yes,no,no,4,4,4,1,1,1,0
170,GP,M,17,Rural,Less than or equal to 3,Living together,primary education (4th grade),5th to 9th grade,other,other,reputation,mother,<15 min.,<2 hours,3,no,no,no,no,yes,yes,no,no,2,2,2,3,3,5,14
171,GP,F,18,Rural,Greater than 3,Living together,primary education (4th grade),primary education (4th grade),at_home,other,course,mother,30 min. to 1 hour,<2 hours,3,no,yes,no,yes,no,yes,no,no,5,2,5,1,5,4,6
172,GP,M,16,Rural,Greater than 3,Living together,5th to 9th grade,5th to 9th grade,at_home,other,course,mother,30 min. to 1 hour,<2 hours,0,no,no,no,no,no,yes,no,no,4,2,2,1,2,3,4
173,GP,M,16,Urban,Greater than 3,Living together,secondary education,secondary education,other,services,course,father,<15 min.,2 to 5 hours,1,no,yes,no,no,yes,yes,yes,yes,4,5,5,4,4,5,0
174,GP,M,16,Urban,Less than or equal to 3,Living together,primary education (4th grade),5th to 9th grade,health,services,course,mother,15 to 30 min.,<2 hours,2,no,no,no,no,no,yes,yes,no,4,4,5,3,5,5,0
175,GP,M,17,Rural,Less than or equal to 3,Living together,5th to 9th grade,primary education (4th grade),at_home,other,course,mother,15 to 30 min.,<2 hours,1,no,no,yes,yes,yes,no,yes,yes,3,3,2,2,2,5,8
176,GP,M,17,Rural,Greater than 3,Living together,secondary education,5th to 9th grade,other,other,course,mother,15 to 30 min.,2 to 5 hours,2,yes,yes,no,no,yes,yes,yes,yes,4,4,4,1,4,3,4
177,GP,M,15,Urban,Less than or equal to 3,Living together,primary education (4th grade),5th to 9th grade,other,other,course,mother,15 to 30 min.,<2 hours,0,no,no,no,yes,yes,yes,no,no,4,4,4,2,4,5,2
178,GP,M,16,Urban,Greater than 3,Living together,primary education (4th grade),secondary education,at_home,services,course,father,<15 min.,<2 hours,1,no,no,no,no,yes,no,yes,no,5,3,3,1,4,2,2
179,GP,M,17,Rural,Less than or equal to 3,Living together,primary education (4th grade),primary education (4th grade),other,services,course,mother,>1 hour,2 to 5 hours,0,no,no,no,yes,yes,no,no,yes,5,3,5,1,5,5,0
180,GP,M,17,Urban,Greater than 3,Living together,secondary education,5th to 9th grade,services,services,course,mother,15 to 30 min.,<2 hours,3,no,yes,no,yes,no,no,no,no,4,5,2,1,1,2,10
181,GP,M,16,Urban,Greater than 3,Living together,5th to 9th grade,5th to 9th grade,other,other,course,father,<15 min.,2 to 5 hours,0,no,no,no,no,yes,no,yes,no,4,3,5,2,4,4,0
182,GP,F,16,Urban,Greater than 3,Living together,higher education,5th to 9th grade,health,services,home,father,<15 min.,2 to 5 hours,0,no,no,no,no,yes,yes,yes,yes,4,2,3,1,1,3,0
183,GP,F,16,Urban,Greater than 3,Living together,5th to 9th grade,5th to 9th grade,other,other,home,mother,<15 min.,2 to 5 hours,0,no,yes,no,no,no,yes,yes,no,5,1,5,1,1,4,0
184,GP,F,16,Urban,Greater than 3,Living together,higher education,higher education,health,health,reputation,mother,<15 min.,2 to 5 hours,0,no,yes,no,no,yes,yes,yes,yes,4,4,2,1,1,3,0
185,GP,M,16,Urban,Greater than 3,Living together,secondary education,higher education,other,other,course,father,30 min. to 1 hour,<2 hours,1,no,yes,no,yes,no,yes,yes,no,3,4,5,2,4,2,4
186,GP,M,16,Urban,Greater than 3,Living together,primary education (4th grade),none,other,other,reputation,mother,15 to 30 min.,2 to 5 hours,0,no,yes,no,yes,yes,yes,yes,yes,4,3,2,1,1,3,0
187,GP,M,17,Urban,Less than or equal to 3,Living together,higher education,higher education,teacher,other,reputation,mother,<15 min.,2 to 5 hours,0,no,yes,no,yes,yes,yes,yes,no,4,4,4,1,3,5,0
188,GP,F,16,Urban,Greater than 3,Living together,primary education (4th grade),secondary education,at_home,services,home,mother,<15 min.,2 to 5 hours,0,no,no,no,yes,no,yes,yes,yes,4,3,5,1,1,3,0
189,GP,F,16,Urban,Less than or equal to 3,Living together,secondary education,secondary education,other,other,reputation,mother,15 to 30 min.,2 to 5 hours,0,no,yes,no,yes,yes,yes,yes,no,4,4,5,1,1,4,0
190,GP,M,17,Urban,Less than or equal to 3,Living together,higher education,secondary education,teacher,other,course,mother,15 to 30 min.,2 to 5 hours,0,no,no,no,yes,yes,yes,yes,no,4,4,4,4,4,4,0
191,GP,F,16,Urban,Greater than 3,Living together,5th to 9th grade,5th to 9th grade,services,other,reputation,mother,15 to 30 min.,2 to 5 hours,0,no,no,no,yes,no,yes,yes,no,3,4,4,1,4,5,0
192,GP,M,17,Urban,Greater than 3,Living together,secondary education,secondary education,other,other,reputation,father,<15 min.,2 to 5 hours,0,no,no,no,yes,no,yes,yes,no,4,3,4,1,4,4,4
193,GP,M,16,Rural,Greater than 3,Living together,higher education,5th to 9th grade,teacher,services,other,mother,<15 min.,<2 hours,0,no,yes,no,yes,yes,yes,yes,yes,4,3,3,3,4,3,8
194,GP,M,17,Urban,Greater than 3,Living together,higher education,secondary education,other,other,course,mother,<15 min.,2 to 5 hours,0,no,yes,yes,yes,yes,yes,yes,yes,5,2,3,1,1,2,4
195,GP,M,16,Urban,Greater than 3,Living together,higher education,secondary education,teacher,other,home,mother,<15 min.,2 to 5 hours,0,no,yes,yes,yes,yes,yes,yes,no,3,4,3,2,3,3,4
196,GP,M,16,Urban,Greater than 3,Living together,secondary education,secondary education,services,other,home,mother,<15 min.,2 to 5 hours,0,no,no,no,yes,yes,yes,yes,yes,4,2,3,1,2,3,0
197,GP,F,17,Urban,Greater than 3,Living together,5th to 9th grade,higher education,services,services,reputation,father,<15 min.,2 to 5 hours,0,no,yes,no,yes,yes,yes,no,no,5,4,2,2,3,5,0
198,GP,F,17,Urban,Less than or equal to 3,Living together,secondary education,secondary education,other,other,reputation,mother,<15 min.,2 to 5 hours,0,no,yes,no,yes,yes,yes,yes,yes,5,3,3,2,3,1,32
199,GP,F,16,Urban,Greater than 3,Living together,secondary education,5th to 9th grade,other,other,reputation,mother,<15 min.,2 to 5 hours,0,no,yes,no,no,yes,yes,yes,no,1,2,2,1,2,1,8
200,GP,M,17,Urban,Greater than 3,Living together,secondary education,secondary education,services,services,other,mother,<15 min.,2 to 5 hours,0,no,yes,no,yes,yes,yes,yes,yes,4,3,4,2,3,4,6
201,GP,M,16,Urban,Greater than 3,Living together,primary education (4th grade),5th to 9th grade,services,services,other,mother,<15 min.,<2 hours,0,no,yes,no,yes,yes,yes,yes,yes,3,3,3,1,2,3,0
202,GP,M,16,Urban,Less than or equal to 3,Living together,5th to 9th grade,primary education (4th grade),other,other,course,mother,<15 min.,2 to 5 hours,0,no,no,no,yes,yes,yes,yes,yes,4,2,3,1,2,5,0
203,GP,F,17,Urban,Greater than 3,Apart,secondary education,secondary education,health,other,reputation,mother,<15 min.,2 to 5 hours,0,no,yes,no,no,no,yes,yes,yes,3,3,3,1,3,3,10
204,GP,M,17,Rural,Greater than 3,Living together,primary education (4th grade),5th to 9th grade,at_home,other,home,mother,<15 min.,2 to 5 hours,0,no,no,no,no,yes,yes,no,no,3,1,3,1,5,3,6
205,GP,F,16,Urban,Greater than 3,Living together,5th to 9th grade,secondary education,services,services,course,mother,<15 min.,2 to 5 hours,0,no,no,no,no,yes,yes,yes,no,4,3,3,1,1,2,6
206,GP,F,17,Urban,Greater than 3,Living together,primary education (4th grade),primary education (4th grade),at_home,services,course,mother,<15 min.,2 to 5 hours,0,no,no,no,yes,yes,yes,yes,no,5,3,3,1,1,3,0
207,GP,M,17,Urban,Greater than 3,Living together,primary education (4th grade),5th to 9th grade,at_home,services,other,other,15 to 30 min.,2 to 5 hours,0,no,no,no,yes,no,yes,yes,no,4,4,4,4,5,5,16
208,GP,M,16,Rural,Greater than 3,Living together,secondary education,secondary education,services,services,reputation,mother,<15 min.,<2 hours,0,no,yes,no,yes,yes,yes,yes,no,4,3,2,3,4,5,0
209,GP,M,16,Urban,Greater than 3,Living together,5th to 9th grade,secondary education,other,other,home,father,15 to 30 min.,<2 hours,0,no,no,no,no,yes,yes,yes,no,5,3,3,1,1,3,0
210,GP,F,17,Urban,Less than or equal to 3,Living together,5th to 9th grade,higher education,services,services,course,father,<15 min.,2 to 5 hours,0,no,no,no,yes,yes,yes,yes,yes,4,3,2,1,1,5,8
211,GP,M,17,Urban,Greater than 3,Living together,higher education,higher education,services,teacher,home,mother,<15 min.,<2 hours,0,no,no,no,no,yes,yes,yes,no,5,2,3,1,2,5,4
212,GP,M,16,Rural,Less than or equal to 3,Living together,secondary education,secondary education,teacher,other,home,father,30 min. to 1 hour,<2 hours,0,no,yes,no,yes,yes,yes,yes,no,3,3,4,3,5,3,16
213,GP,F,17,Urban,Greater than 3,Living together,higher education,higher education,services,teacher,home,mother,15 to 30 min.,<2 hours,1,no,yes,no,no,yes,yes,yes,no,4,2,4,2,3,2,30
214,GP,F,16,Urban,Less than or equal to 3,Living together,higher education,higher education,teacher,teacher,reputation,mother,<15 min.,2 to 5 hours,0,no,yes,no,no,yes,yes,yes,no,4,5,2,1,2,3,0
215,GP,F,16,Urban,Greater than 3,Living together,higher education,secondary education,health,other,home,mother,<15 min.,2 to 5 hours,0,no,yes,no,yes,yes,yes,yes,no,4,3,5,1,5,2,2
216,GP,F,16,Urban,Greater than 3,Living together,5th to 9th grade,secondary education,other,other,reputation,mother,<15 min.,2 to 5 hours,0,yes,yes,no,yes,yes,yes,no,no,4,4,3,1,3,4,4
217,GP,F,17,Urban,Greater than 3,Living together,primary education (4th grade),primary education (4th grade),other,other,course,mother,<15 min.,2 to 5 hours,0,no,yes,no,no,no,yes,no,no,4,4,4,1,3,1,0
218,GP,F,17,Rural,Greater than 3,Living together,5th to 9th grade,5th to 9th grade,other,other,reputation,mother,<15 min.,<2 hours,0,no,yes,no,no,yes,yes,yes,no,5,3,2,1,2,3,21
219,GP,F,16,Rural,Greater than 3,Living together,5th to 9th grade,5th to 9th grade,services,services,reputation,mother,15 to 30 min.,>10 hours,0,no,yes,no,yes,no,yes,yes,no,5,3,5,1,1,5,6
220,GP,F,17,Urban,Greater than 3,Living together,secondary education,higher education,at_home,services,home,mother,<15 min.,5 to 10 hours,1,no,yes,yes,no,yes,yes,yes,yes,4,4,3,3,4,5,14
221,GP,F,16,Urban,Greater than 3,Apart,secondary education,primary education (4th grade),services,other,course,mother,<15 min.,2 to 5 hours,0,no,yes,no,no,yes,yes,yes,no,2,3,3,2,2,4,2
222,GP,F,16,Urban,Greater than 3,Living together,higher education,secondary education,teacher,other,other,mother,<15 min.,2 to 5 hours,0,no,no,no,yes,yes,yes,yes,yes,1,3,2,1,1,1,4
223,GP,F,16,Urban,Greater than 3,Living together,primary education (4th grade),primary education (4th grade),at_home,other,home,mother,15 to 30 min.,<2 hours,0,no,yes,no,no,yes,yes,no,no,4,3,2,1,4,5,2
224,GP,F,17,Rural,Greater than 3,Living together,higher education,secondary education,teacher,other,reputation,mother,15 to 30 min.,5 to 10 hours,0,no,yes,no,yes,yes,yes,yes,yes,4,4,2,1,1,4,0
225,GP,F,19,Urban,Greater than 3,Living together,secondary education,secondary education,other,other,reputation,other,<15 min.,>10 hours,0,no,yes,no,yes,yes,yes,yes,no,4,3,3,1,2,3,4
226,GP,M,17,Urban,Less than or equal to 3,Living together,higher education,higher education,services,other,home,mother,<15 min.,2 to 5 hours,0,no,yes,no,no,yes,yes,yes,yes,5,3,5,4,5,3,15
227,GP,F,16,Urban,Greater than 3,Apart,5th to 9th grade,5th to 9th grade,other,other,reputation,mother,<15 min.,2 to 5 hours,0,yes,yes,no,no,yes,yes,yes,no,3,3,4,1,1,4,0
228,GP,M,18,Urban,Greater than 3,Living together,5th to 9th grade,5th to 9th grade,services,other,home,mother,<15 min.,2 to 5 hours,0,no,yes,no,yes,yes,yes,yes,no,4,4,4,2,4,5,10
229,GP,F,17,Rural,Less than or equal to 3,Living together,higher education,higher education,services,other,other,mother,<15 min.,<2 hours,0,no,yes,no,no,yes,yes,no,no,5,2,1,1,2,3,6
230,GP,F,17,Urban,Less than or equal to 3,Living together,secondary education,5th to 9th grade,other,other,reputation,mother,15 to 30 min.,2 to 5 hours,0,no,no,no,no,yes,yes,yes,no,4,4,4,1,3,1,2
231,GP,F,17,Urban,Greater than 3,Living together,higher education,secondary education,other,other,reputation,mother,<15 min.,2 to 5 hours,0,no,no,no,no,yes,yes,yes,yes,3,4,5,2,4,1,16
232,GP,M,18,Urban,Less than or equal to 3,Living together,secondary education,secondary education,services,health,home,father,<15 min.,2 to 5 hours,0,no,yes,no,no,yes,yes,yes,no,3,2,4,2,4,4,10
233,GP,F,17,Urban,Greater than 3,Living together,5th to 9th grade,secondary education,at_home,other,home,father,15 to 30 min.,<2 hours,0,no,yes,no,no,yes,yes,no,no,3,3,3,1,4,3,4
234,GP,F,17,Urban,Greater than 3,Living together,5th to 9th grade,5th to 9th grade,at_home,at_home,course,mother,<15 min.,5 to 10 hours,0,no,yes,no,yes,yes,yes,yes,no,4,3,3,1,1,4,0
235,GP,F,17,Rural,Greater than 3,Living together,5th to 9th grade,primary education (4th grade),at_home,services,reputation,mother,15 to 30 min.,2 to 5 hours,0,no,yes,no,yes,yes,yes,yes,no,4,2,5,1,2,5,0
236,GP,F,17,Urban,Greater than 3,Living together,primary education (4th grade),primary education (4th grade),at_home,other,reputation,mother,<15 min.,5 to 10 hours,0,no,yes,no,yes,yes,yes,no,yes,4,3,4,1,1,5,12
237,GP,F,16,Urban,Greater than 3,Living together,5th to 9th grade,secondary education,services,teacher,other,mother,<15 min.,2 to 5 hours,0,yes,no,no,no,yes,yes,yes,no,2,3,1,1,1,3,0
238,GP,M,18,Urban,Greater than 3,Living together,5th to 9th grade,5th to 9th grade,other,other,home,mother,15 to 30 min.,2 to 5 hours,3,no,yes,yes,no,yes,yes,yes,no,3,3,3,5,5,4,9
239,GP,F,16,Urban,Greater than 3,Living together,higher education,higher education,teacher,services,home,mother,<15 min.,5 to 10 hours,0,no,yes,no,yes,no,yes,yes,no,5,3,2,1,1,5,4
240,GP,F,18,Rural,Greater than 3,Living together,secondary education,primary education (4th grade),other,other,reputation,mother,<15 min.,2 to 5 hours,0,no,no,no,yes,yes,yes,yes,yes,5,3,3,1,1,4,4
241,GP,F,17,Urban,Greater than 3,Living together,secondary education,5th to 9th grade,other,other,course,mother,<15 min.,2 to 5 hours,0,no,no,no,yes,no,yes,yes,no,5,3,4,1,3,3,2
242,GP,M,17,Urban,Less than or equal to 3,Living together,5th to 9th grade,secondary education,services,services,reputation,father,<15 min.,2 to 5 hours,0,no,yes,no,no,no,yes,yes,no,5,3,3,1,3,3,0
243,GP,M,18,Urban,Less than or equal to 3,Living together,5th to 9th grade,primary education (4th grade),at_home,other,course,mother,>1 hour,2 to 5 hours,0,yes,yes,no,yes,yes,yes,yes,yes,4,3,2,4,5,3,2
244,GP,F,17,Urban,Greater than 3,Apart,5th to 9th grade,primary education (4th grade),other,other,course,mother,15 to 30 min.,5 to 10 hours,0,no,no,no,yes,yes,yes,yes,yes,3,2,3,1,2,3,0
245,GP,F,17,Urban,Less than or equal to 3,Living together,higher education,secondary education,health,other,reputation,father,<15 min.,2 to 5 hours,0,no,no,no,yes,yes,yes,yes,yes,3,2,3,1,2,3,0
246,GP,M,17,Rural,Greater than 3,Living together,5th to 9th grade,5th to 9th grade,other,other,course,father,15 to 30 min.,2 to 5 hours,0,no,yes,no,yes,yes,yes,yes,no,4,5,2,1,1,1,0
247,GP,M,17,Urban,Greater than 3,Living together,higher education,higher education,teacher,teacher,reputation,mother,<15 min.,2 to 5 hours,0,yes,yes,no,yes,yes,yes,yes,yes,4,5,5,1,3,2,0
248,GP,M,16,Urban,Greater than 3,Living together,higher education,higher education,health,other,reputation,father,<15 min.,2 to 5 hours,0,no,yes,no,yes,yes,yes,yes,no,4,2,4,2,4,1,0
249,GP,M,16,Urban,Less than or equal to 3,Living together,primary education (4th grade),primary education (4th grade),other,other,home,mother,15 to 30 min.,2 to 5 hours,0,no,yes,no,no,yes,yes,yes,no,3,4,2,1,1,5,2
250,GP,M,16,Urban,Greater than 3,Living together,secondary education,5th to 9th grade,at_home,other,reputation,mother,15 to 30 min.,5 to 10 hours,0,no,no,no,yes,yes,yes,yes,yes,5,3,3,1,3,2,0
251,GP,M,17,Urban,Less than or equal to 3,Living together,5th to 9th grade,5th to 9th grade,other,other,home,father,<15 min.,2 to 5 hours,0,no,no,no,yes,no,yes,yes,yes,4,4,2,5,5,4,0
252,GP,F,16,Urban,Greater than 3,Living together,5th to 9th grade,primary education (4th grade),other,other,home,mother,<15 min.,<2 hours,0,no,no,no,no,yes,yes,yes,yes,4,5,2,1,1,5,4
253,GP,F,16,Urban,Greater than 3,Apart,higher education,primary education (4th grade),other,other,home,mother,<15 min.,2 to 5 hours,0,no,no,no,yes,yes,yes,yes,yes,5,3,3,1,2,5,0
254,GP,F,18,Urban,Less than or equal to 3,Apart,5th to 9th grade,higher education,services,other,course,mother,15 to 30 min.,2 to 5 hours,1,no,yes,no,no,yes,yes,yes,no,4,3,3,1,1,3,18
255,GP,F,18,Urban,Less than or equal to 3,Living together,5th to 9th grade,5th to 9th grade,at_home,services,course,mother,<15 min.,2 to 5 hours,1,no,yes,no,no,no,yes,yes,yes,5,3,1,1,1,5,16
256,GP,F,18,Urban,Greater than 3,Living together,secondary education,secondary education,other,other,course,mother,15 to 30 min.,<2 hours,1,no,no,no,no,yes,no,yes,no,4,1,1,1,1,3,14
257,GP,M,18,Urban,Greater than 3,Living together,5th to 9th grade,5th to 9th grade,other,at_home,course,other,<15 min.,<2 hours,1,no,yes,no,yes,no,no,yes,yes,4,4,3,2,2,1,26
258,GP,M,17,Urban,Greater than 3,Living together,higher education,higher education,teacher,teacher,course,mother,<15 min.,<2 hours,0,no,yes,no,yes,no,yes,yes,no,4,2,1,1,2,5,6
259,GP,F,17,Urban,Greater than 3,Living together,secondary education,5th to 9th grade,other,other,course,father,<15 min.,2 to 5 hours,0,no,no,no,yes,yes,yes,no,no,5,4,2,1,1,3,4
260,GP,F,17,Urban,Less than or equal to 3,Living together,primary education (4th grade),primary education (4th grade),at_home,at_home,course,mother,<15 min.,5 to 10 hours,0,no,yes,no,yes,yes,yes,yes,yes,4,3,2,1,2,4,10
261,GP,F,16,Urban,Greater than 3,Living together,primary education (4th grade),5th to 9th grade,other,other,course,mother,<15 min.,<2 hours,0,no,no,no,no,yes,no,yes,no,5,3,5,1,2,5,4
262,GP,F,17,Rural,Greater than 3,Living together,5th to 9th grade,primary education (4th grade),at_home,services,course,mother,30 min. to 1 hour,2 to 5 hours,0,no,no,no,yes,yes,yes,no,no,2,1,1,1,1,3,2
263,GP,F,17,Rural,Less than or equal to 3,Apart,primary education (4th grade),higher education,other,other,course,other,>1 hour,<2 hours,1,no,yes,no,no,yes,yes,yes,no,5,5,4,1,1,5,14
264,GP,M,18,Urban,Greater than 3,Living together,5th to 9th grade,5th to 9th grade,other,services,reputation,father,<15 min.,2 to 5 hours,0,no,no,no,no,yes,no,yes,no,5,5,4,3,5,2,16
265,GP,F,17,Urban,Less than or equal to 3,Apart,5th to 9th grade,5th to 9th grade,other,other,home,mother,<15 min.,<2 hours,1,no,yes,no,no,no,no,yes,no,3,1,2,1,1,1,8
266,GP,F,17,Rural,Less than or equal to 3,Living together,primary education (4th grade),primary education (4th grade),at_home,other,course,mother,15 to 30 min.,5 to 10 hours,0,no,no,no,yes,yes,yes,yes,no,4,3,3,1,3,5,4
267,GP,F,17,Urban,Less than or equal to 3,Apart,higher education,5th to 9th grade,teacher,other,course,mother,<15 min.,2 to 5 hours,0,no,yes,no,yes,yes,yes,no,no,4,3,2,1,1,4,4
268,GP,M,17,Urban,Less than or equal to 3,Living together,higher education,secondary education,health,other,course,mother,15 to 30 min.,2 to 5 hours,0,no,no,no,yes,yes,yes,yes,yes,2,5,5,1,4,5,8
269,GP,M,17,Rural,Less than or equal to 3,Apart,higher education,higher education,teacher,other,course,mother,15 to 30 min.,2 to 5 hours,0,no,yes,no,no,yes,yes,yes,no,3,3,3,2,3,4,0
270,GP,M,16,Urban,Less than or equal to 3,Living together,higher education,secondary education,teacher,other,course,mother,<15 min.,<2 hours,0,no,no,no,yes,no,yes,yes,no,5,4,5,1,1,3,7
271,GP,M,16,Urban,Greater than 3,Living together,higher education,higher education,services,services,course,mother,<15 min.,<2 hours,0,no,no,yes,yes,yes,yes,yes,no,5,3,2,1,2,5,4
272,GP,F,17,Urban,Greater than 3,Living together,higher education,higher education,teacher,services,course,mother,<15 min.,2 to 5 hours,0,no,yes,yes,no,yes,yes,yes,yes,5,3,1,1,4,5,2
273,GP,M,17,Rural,Greater than 3,Living together,primary education (4th grade),primary education (4th grade),other,other,home,father,15 to 30 min.,5 to 10 hours,0,no,no,no,no,no,yes,yes,yes,4,3,3,1,1,1,2
274,GP,F,17,Urban,Greater than 3,Living together,secondary education,secondary education,services,other,home,mother,15 to 30 min.,5 to 10 hours,0,no,yes,no,no,yes,yes,yes,yes,4,2,2,2,3,5,10
275,GP,F,17,Urban,Greater than 3,Living together,primary education (4th grade),primary education (4th grade),at_home,other,course,mother,<15 min.,2 to 5 hours,0,yes,no,no,no,no,yes,no,yes,4,3,2,1,1,4,10
276,GP,F,18,Urban,Greater than 3,Living together,5th to 9th grade,primary education (4th grade),other,other,course,other,15 to 30 min.,5 to 10 hours,0,no,yes,no,no,no,yes,yes,yes,4,4,4,1,1,3,10
277,GP,M,16,Urban,Greater than 3,Living together,5th to 9th grade,primary education (4th grade),other,other,course,mother,30 min. to 1 hour,<2 hours,0,no,no,no,no,yes,yes,yes,no,4,3,3,1,1,4,7
278,GP,F,17,Urban,Greater than 3,Living together,primary education (4th grade),primary education (4th grade),other,services,course,father,<15 min.,2 to 5 hours,0,no,yes,no,no,yes,yes,no,no,4,3,4,1,2,5,4
279,GP,M,17,Urban,Greater than 3,Living together,5th to 9th grade,secondary education,other,other,course,father,15 to 30 min.,<2 hours,0,no,no,no,no,yes,yes,yes,no,5,2,2,1,1,2,2
280,GP,M,22,Urban,Greater than 3,Living together,secondary education,primary education (4th grade),services,services,other,mother,<15 min.,<2 hours,3,no,no,no,no,no,no,yes,yes,5,4,5,5,5,1,12
281,GP,M,18,Rural,Less than or equal to 3,Living together,secondary education,secondary education,other,services,course,mother,<15 min.,2 to 5 hours,0,no,yes,no,no,yes,yes,yes,yes,4,3,3,1,3,5,8
282,GP,M,16,Urban,Greater than 3,Living together,none,5th to 9th grade,other,other,other,mother,<15 min.,<2 hours,0,no,no,no,no,no,yes,yes,no,4,3,2,2,4,5,0
283,GP,M,18,Urban,Greater than 3,Living together,secondary education,5th to 9th grade,services,other,course,mother,15 to 30 min.,<2 hours,0,no,no,no,no,yes,no,yes,no,4,4,5,2,4,5,8
284,GP,M,16,Urban,Greater than 3,Living together,secondary education,secondary education,at_home,other,reputation,other,30 min. to 1 hour,2 to 5 hours,1,yes,yes,no,no,no,yes,yes,no,5,3,3,1,3,2,4
285,GP,M,18,Urban,Greater than 3,Living together,5th to 9th grade,primary education (4th grade),services,services,other,mother,<15 min.,<2 hours,2,no,no,no,no,no,no,yes,no,3,2,5,2,5,5,4
286,GP,M,16,Rural,Greater than 3,Living together,5th to 9th grade,primary education (4th grade),other,other,course,mother,15 to 30 min.,<2 hours,0,no,no,no,yes,no,yes,no,no,3,3,2,1,3,3,2
287,GP,M,17,Rural,Greater than 3,Living together,5th to 9th grade,primary education (4th grade),other,other,course,mother,<15 min.,<2 hours,0,no,no,no,no,no,yes,yes,no,4,4,2,2,4,5,0
288,GP,M,17,Urban,Less than or equal to 3,Living together,primary education (4th grade),primary education (4th grade),health,other,course,mother,15 to 30 min.,<2 hours,1,no,yes,no,yes,yes,yes,yes,no,4,4,4,1,2,5,0
289,GP,F,18,Urban,Less than or equal to 3,Apart,5th to 9th grade,primary education (4th grade),other,other,course,mother,<15 min.,2 to 5 hours,0,no,yes,no,no,no,yes,yes,yes,4,3,4,1,3,5,2
290,GP,F,17,Urban,Less than or equal to 3,Living together,higher education,5th to 9th grade,teacher,services,reputation,mother,<15 min.,>10 hours,0,no,yes,no,yes,yes,yes,yes,no,4,2,3,1,1,4,2
291,GP,F,19,Urban,Greater than 3,Living together,5th to 9th grade,5th to 9th grade,services,services,home,mother,<15 min.,2 to 5 hours,0,no,yes,no,no,yes,yes,yes,no,4,3,3,1,1,5,0
292,GP,M,18,Urban,Less than or equal to 3,Living together,5th to 9th grade,primary education (4th grade),services,other,course,mother,30 min. to 1 hour,2 to 5 hours,1,no,no,no,yes,no,no,yes,no,4,4,5,4,4,5,4
293,GP,F,17,Rural,Greater than 3,Living together,higher education,5th to 9th grade,other,other,course,mother,<15 min.,5 to 10 hours,0,no,yes,no,yes,yes,yes,yes,no,4,3,4,1,3,5,2
294,GP,F,18,Urban,Less than or equal to 3,Living together,primary education (4th grade),primary education (4th grade),other,at_home,home,mother,<15 min.,5 to 10 hours,0,no,yes,no,no,no,yes,no,no,4,4,3,2,3,3,4
295,GP,F,18,Rural,Greater than 3,Living together,5th to 9th grade,5th to 9th grade,other,other,home,mother,<15 min.,2 to 5 hours,0,yes,no,no,no,yes,yes,no,no,3,2,3,1,1,5,4
296,GP,M,19,Urban,Less than or equal to 3,Apart,higher education,secondary education,services,at_home,reputation,mother,<15 min.,2 to 5 hours,0,no,yes,no,no,yes,yes,yes,no,4,3,1,1,1,1,4
297,GP,M,18,Urban,Greater than 3,Living together,5th to 9th grade,primary education (4th grade),other,other,home,mother,<15 min.,2 to 5 hours,0,no,no,no,yes,yes,yes,yes,no,5,2,4,1,2,4,2
298,GP,M,17,Rural,Greater than 3,Living together,5th to 9th grade,5th to 9th grade,other,services,other,mother,15 to 30 min.,<2 hours,0,no,no,no,no,no,no,no,no,5,2,2,1,1,4,0
299,GP,F,17,Urban,Less than or equal to 3,Living together,5th to 9th grade,5th to 9th grade,services,services,course,father,<15 min.,>10 hours,0,no,no,no,yes,yes,yes,yes,yes,3,4,1,1,1,2,2
300,GP,F,20,Rural,Greater than 3,Living together,5th to 9th grade,primary education (4th grade),other,other,course,other,15 to 30 min.,2 to 5 hours,0,no,yes,yes,yes,yes,no,yes,yes,1,2,3,1,2,2,8
301,GP,F,18,Urban,Greater than 3,Living together,higher education,secondary education,services,other,home,father,<15 min.,2 to 5 hours,0,no,yes,no,no,yes,yes,yes,yes,3,1,2,1,3,2,2
302,GP,M,18,Urban,Greater than 3,Living together,higher education,secondary education,teacher,other,course,mother,<15 min.,2 to 5 hours,0,no,yes,no,no,no,yes,yes,no,4,3,2,1,1,3,2
303,GP,M,18,Rural,Greater than 3,Living together,secondary education,5th to 9th grade,other,other,course,mother,<15 min.,5 to 10 hours,0,no,no,no,yes,no,yes,no,no,5,3,2,1,1,3,2
304,GP,F,17,Urban,Greater than 3,Living together,secondary education,secondary education,other,other,home,mother,<15 min.,5 to 10 hours,0,no,no,no,yes,no,yes,no,no,3,2,3,1,1,4,2
305,GP,F,18,Urban,Greater than 3,Living together,5th to 9th grade,5th to 9th grade,at_home,services,home,mother,<15 min.,5 to 10 hours,0,no,yes,no,yes,yes,yes,yes,yes,4,3,3,1,1,3,0
306,GP,M,17,Urban,Greater than 3,Living together,5th to 9th grade,5th to 9th grade,other,other,home,father,15 to 30 min.,<2 hours,0,no,no,no,no,yes,no,yes,no,4,4,4,2,3,4,8
307,GP,M,18,Rural,Less than or equal to 3,Apart,secondary education,higher education,other,other,reputation,mother,15 to 30 min.,2 to 5 hours,0,no,yes,no,yes,yes,yes,yes,no,4,2,5,3,4,1,6
308,GP,M,17,Urban,Greater than 3,Living together,secondary education,primary education (4th grade),services,other,other,mother,<15 min.,2 to 5 hours,0,no,no,no,yes,yes,yes,yes,yes,5,4,4,3,4,5,0
309,GP,F,18,Rural,Greater than 3,Living together,higher education,higher education,teacher,other,reputation,mother,15 to 30 min.,2 to 5 hours,0,no,no,no,yes,yes,yes,yes,no,4,3,4,2,2,4,8
310,GP,M,18,Urban,Greater than 3,Living together,higher education,5th to 9th grade,health,other,reputation,father,<15 min.,2 to 5 hours,0,no,yes,no,yes,yes,yes,yes,yes,5,4,5,1,3,5,4
311,GP,F,18,Rural,Greater than 3,Living together,5th to 9th grade,primary education (4th grade),other,other,reputation,mother,15 to 30 min.,2 to 5 hours,0,no,yes,no,no,yes,no,yes,yes,4,3,5,1,2,3,12
312,GP,F,19,Urban,Greater than 3,Living together,secondary education,secondary education,other,services,home,other,<15 min.,2 to 5 hours,0,no,yes,no,yes,yes,yes,yes,no,4,3,5,3,3,5,16
313,GP,F,18,Urban,Greater than 3,Living together,5th to 9th grade,secondary education,other,services,reputation,father,<15 min.,>10 hours,0,no,yes,no,yes,yes,yes,yes,yes,4,5,5,1,3,2,10
314,GP,F,18,Urban,Less than or equal to 3,Living together,primary education (4th grade),primary education (4th grade),other,other,home,mother,15 to 30 min.,2 to 5 hours,0,no,yes,no,no,no,yes,no,no,4,4,3,1,1,3,2
315,GP,M,17,Rural,Greater than 3,Living together,primary education (4th grade),5th to 9th grade,at_home,at_home,home,mother,<15 min.,2 to 5 hours,0,no,yes,no,yes,no,yes,no,yes,3,5,2,2,2,1,2
316,GP,F,18,Urban,Greater than 3,Living together,5th to 9th grade,primary education (4th grade),other,other,home,mother,<15 min.,2 to 5 hours,0,no,yes,no,no,yes,yes,yes,yes,4,2,5,1,2,1,8
317,GP,F,17,Urban,Greater than 3,Living together,5th to 9th grade,higher education,at_home,health,reputation,mother,15 to 30 min.,2 to 5 hours,0,no,yes,no,no,yes,yes,yes,yes,4,3,3,1,1,1,6
318,GP,F,17,Urban,Less than or equal to 3,Living together,5th to 9th grade,5th to 9th grade,services,other,course,mother,15 to 30 min.,2 to 5 hours,0,yes,yes,no,no,yes,yes,yes,yes,4,4,4,2,3,5,6
319,GP,F,18,Rural,Greater than 3,Apart,secondary education,5th to 9th grade,other,services,home,mother,15 to 30 min.,2 to 5 hours,0,no,no,no,no,no,no,yes,yes,4,1,1,1,1,5,15
320,GP,M,18,Urban,Greater than 3,Living together,higher education,higher education,teacher,services,home,mother,15 to 30 min.,<2 hours,0,no,no,no,yes,yes,yes,yes,no,3,2,4,1,4,3,6
321,GP,F,18,Urban,Greater than 3,Living together,higher education,higher education,health,health,reputation,father,<15 min.,2 to 5 hours,1,yes,yes,no,yes,yes,yes,yes,yes,2,4,4,1,1,4,2
322,GP,F,17,Urban,Greater than 3,Living together,5th to 9th grade,5th to 9th grade,other,services,reputation,father,30 min. to 1 hour,5 to 10 hours,0,no,yes,no,no,yes,yes,yes,yes,4,2,3,1,1,1,8
323,GP,F,19,Rural,Greater than 3,Living together,secondary education,5th to 9th grade,services,services,reputation,father,<15 min.,2 to 5 hours,1,yes,yes,no,no,yes,no,yes,no,3,3,3,4,3,3,0
324,GP,M,18,Urban,Less than or equal to 3,Living together,higher education,secondary education,teacher,services,course,mother,15 to 30 min.,<2 hours,0,no,no,no,yes,yes,yes,yes,no,4,2,3,1,2,1,0
325,GP,M,18,Urban,Greater than 3,Living together,primary education (4th grade),5th to 9th grade,at_home,other,home,other,15 to 30 min.,<2 hours,0,no,no,no,no,no,no,yes,no,3,4,4,2,4,4,10
326,GP,M,17,Urban,Less than or equal to 3,Apart,higher education,primary education (4th grade),services,other,home,mother,15 to 30 min.,<2 hours,0,no,no,no,yes,yes,yes,yes,yes,4,5,4,2,4,5,22
327,GP,M,17,Urban,Less than or equal to 3,Apart,secondary education,5th to 9th grade,teacher,services,home,mother,<15 min.,<2 hours,0,no,no,no,no,yes,yes,yes,no,4,4,4,3,4,3,18
328,GP,F,18,Rural,Less than or equal to 3,Living together,primary education (4th grade),primary education (4th grade),at_home,other,reputation,mother,15 to 30 min.,>10 hours,0,no,yes,no,yes,yes,yes,no,no,5,2,2,1,1,3,2
329,GP,F,18,Urban,Greater than 3,Living together,primary education (4th grade),primary education (4th grade),other,other,home,mother,15 to 30 min.,2 to 5 hours,0,yes,no,no,yes,yes,yes,yes,no,5,4,4,1,1,4,0
330,GP,F,17,Urban,Greater than 3,Living together,5th to 9th grade,5th to 9th grade,other,other,course,mother,<15 min.,2 to 5 hours,0,no,yes,no,no,no,yes,yes,no,5,4,5,1,2,5,12
331,GP,F,18,Urban,Greater than 3,Living together,5th to 9th grade,primary education (4th grade),other,other,reputation,mother,15 to 30 min.,2 to 5 hours,0,no,no,no,yes,yes,yes,yes,yes,4,3,1,1,1,5,10
332,GP,M,17,Urban,Greater than 3,Living together,primary education (4th grade),primary education (4th grade),other,other,reputation,father,<15 min.,2 to 5 hours,0,no,no,no,no,no,yes,yes,no,4,3,3,1,2,4,0
333,GP,F,18,Urban,Greater than 3,Living together,5th to 9th grade,5th to 9th grade,at_home,at_home,other,mother,<15 min.,5 to 10 hours,0,no,yes,no,no,yes,yes,yes,no,4,3,3,1,2,2,0
334,GP,F,17,Urban,Greater than 3,Living together,primary education (4th grade),primary education (4th grade),services,teacher,reputation,mother,<15 min.,5 to 10 hours,0,no,yes,no,no,yes,yes,yes,no,4,3,3,1,1,3,0
335,GP,M,18,Urban,Greater than 3,Living together,5th to 9th grade,primary education (4th grade),services,services,reputation,mother,<15 min.,5 to 10 hours,0,no,no,no,yes,yes,yes,yes,no,4,2,4,1,3,2,0
336,GP,M,18,Urban,Less than or equal to 3,Apart,higher education,higher education,teacher,teacher,reputation,mother,<15 min.,2 to 5 hours,0,no,yes,no,yes,yes,yes,yes,no,5,4,3,1,1,2,0
337,GP,M,18,Urban,Greater than 3,Living together,higher education,5th to 9th grade,teacher,other,home,mother,<15 min.,2 to 5 hours,0,no,yes,no,yes,yes,yes,yes,yes,4,3,2,1,4,5,2
338,GP,F,17,Urban,Greater than 3,Living together,higher education,secondary education,health,services,reputation,mother,<15 min.,5 to 10 hours,0,no,yes,no,no,yes,yes,yes,no,4,2,2,1,2,3,0
339,GP,F,17,Rural,Less than or equal to 3,Living together,secondary education,primary education (4th grade),services,other,reputation,mother,15 to 30 min.,>10 hours,0,no,yes,no,no,yes,yes,no,no,3,1,2,1,1,3,0
340,GP,M,18,Rural,Less than or equal to 3,Living together,secondary education,5th to 9th grade,services,other,reputation,mother,15 to 30 min.,5 to 10 hours,0,no,yes,no,yes,yes,yes,yes,no,5,4,2,1,1,4,0
341,GP,M,17,Urban,Greater than 3,Living together,secondary education,secondary education,health,other,home,mother,<15 min.,<2 hours,0,no,yes,no,no,yes,yes,yes,no,4,4,3,1,3,5,0
342,GP,F,19,Urban,Greater than 3,Living together,higher education,higher education,health,other,reputation,other,15 to 30 min.,2 to 5 hours,0,no,yes,no,yes,yes,yes,yes,no,2,3,4,2,3,2,2
343,GP,F,18,Urban,Less than or equal to 3,Living together,higher education,secondary education,other,other,home,other,15 to 30 min.,2 to 5 hours,0,no,yes,no,no,yes,yes,yes,yes,4,4,5,1,2,2,0
344,GP,F,18,Urban,Greater than 3,Living together,higher education,secondary education,other,other,reputation,father,<15 min.,>10 hours,0,no,yes,no,no,yes,yes,yes,no,4,3,3,1,1,3,0
345,GP,M,18,Urban,Less than or equal to 3,Living together,higher education,higher education,teacher,teacher,home,mother,<15 min.,<2 hours,0,no,yes,no,no,yes,yes,yes,yes,1,4,2,2,2,1,0
346,GP,F,18,Urban,Less than or equal to 3,Apart,higher education,higher education,health,other,home,mother,<15 min.,2 to 5 hours,0,no,yes,yes,no,yes,yes,yes,yes,4,2,4,1,1,4,0
347,GP,M,17,Urban,Less than or equal to 3,Living together,higher education,higher education,other,teacher,home,father,15 to 30 min.,<2 hours,0,no,no,no,no,yes,yes,yes,no,4,1,1,2,2,5,0
348,GP,F,17,Rural,Greater than 3,Living together,higher education,higher education,services,services,reputation,mother,15 to 30 min.,5 to 10 hours,0,no,yes,no,yes,yes,yes,yes,no,5,3,4,1,1,5,0
349,GP,F,17,Urban,Greater than 3,Living together,higher education,5th to 9th grade,other,other,reputation,mother,15 to 30 min.,5 to 10 hours,0,no,yes,no,no,yes,yes,yes,no,4,3,3,1,1,3,0
350,GP,F,17,Urban,Greater than 3,Living together,secondary education,5th to 9th grade,health,health,reputation,father,<15 min.,>10 hours,0,no,yes,no,yes,no,yes,yes,no,5,2,2,1,2,5,0
351,GP,M,19,Rural,Less than or equal to 3,Living together,5th to 9th grade,primary education (4th grade),at_home,services,course,mother,15 to 30 min.,5 to 10 hours,1,no,no,no,yes,yes,yes,yes,yes,4,3,1,1,1,5,0
352,GP,M,20,Urban,Greater than 3,Apart,secondary education,5th to 9th grade,services,other,course,other,<15 min.,<2 hours,2,no,no,no,yes,yes,yes,no,no,5,5,3,1,1,5,0
353,GP,M,19,Rural,Greater than 3,Living together,secondary education,secondary education,other,services,reputation,father,<15 min.,2 to 5 hours,0,no,no,no,yes,yes,yes,no,yes,4,5,3,1,2,5,0
354,GP,F,18,Urban,Greater than 3,Living together,primary education (4th grade),higher education,other,teacher,home,mother,<15 min.,2 to 5 hours,0,yes,yes,no,no,no,yes,no,yes,3,4,4,1,2,5,2
355,GP,F,18,Urban,Greater than 3,Living together,5th to 9th grade,primary education (4th grade),services,other,course,mother,15 to 30 min.,2 to 5 hours,0,no,yes,no,yes,yes,yes,yes,no,5,3,3,1,2,1,2
356,GP,F,17,Urban,Greater than 3,Living together,5th to 9th grade,secondary education,other,other,course,father,15 to 30 min.,2 to 5 hours,0,no,no,no,yes,yes,yes,yes,yes,4,2,1,1,1,3,2
357,GP,F,17,Rural,Greater than 3,Living together,higher education,higher education,teacher,teacher,course,mother,<15 min.,<2 hours,0,no,no,no,yes,yes,yes,yes,no,4,4,4,1,1,5,2
358,GP,F,18,Urban,Greater than 3,Living together,higher education,secondary education,other,other,course,mother,<15 min.,5 to 10 hours,0,no,yes,no,yes,yes,yes,yes,yes,4,3,4,1,1,5,2
359,GP,F,18,Urban,Less than or equal to 3,Living together,higher education,secondary education,health,services,course,mother,15 to 30 min.,<2 hours,0,no,yes,no,no,yes,yes,yes,no,3,2,4,1,4,1,8
360,GP,F,17,Rural,Greater than 3,Living together,secondary education,higher education,at_home,services,course,father,<15 min.,5 to 10 hours,0,no,yes,no,yes,no,yes,yes,no,4,3,4,2,5,5,2
361,GP,F,18,Urban,Greater than 3,Living together,secondary education,secondary education,at_home,other,course,father,<15 min.,2 to 5 hours,0,no,yes,no,no,yes,yes,yes,no,4,1,4,1,1,3,8
362,GP,M,19,Urban,Greater than 3,Living together,higher education,5th to 9th grade,health,other,course,mother,15 to 30 min.,2 to 5 hours,0,no,yes,no,yes,yes,yes,yes,yes,5,4,4,1,1,1,9
363,GP,F,18,Urban,Greater than 3,Living together,higher education,higher education,teacher,other,course,mother,<15 min.,2 to 5 hours,0,no,yes,no,no,yes,yes,yes,no,4,4,4,3,3,5,0
364,GP,F,18,Urban,Greater than 3,Living together,secondary education,higher education,other,other,course,mother,<15 min.,<2 hours,0,no,yes,no,yes,yes,yes,yes,yes,5,4,4,1,1,1,4
365,GP,F,17,Urban,Greater than 3,Living together,higher education,higher education,health,health,course,mother,<15 min.,<2 hours,0,no,no,no,yes,yes,yes,yes,no,5,3,4,1,2,5,2
366,GP,F,17,Urban,Greater than 3,Apart,higher education,secondary education,services,services,course,mother,<15 min.,2 to 5 hours,0,no,yes,no,no,yes,yes,yes,yes,5,2,2,1,2,5,14
367,GP,F,17,Urban,Less than or equal to 3,Apart,secondary education,secondary education,services,other,home,mother,<15 min.,2 to 5 hours,0,yes,yes,no,no,yes,yes,yes,no,5,3,3,1,1,5,0
368,GP,F,17,Urban,Less than or equal to 3,Living together,5th to 9th grade,primary education (4th grade),other,other,home,father,<15 min.,2 to 5 hours,0,no,no,no,yes,yes,yes,yes,no,4,2,3,2,2,2,2
369,GP,M,18,Urban,Less than or equal to 3,Living together,higher education,higher education,other,other,reputation,father,<15 min.,<2 hours,0,no,yes,no,no,yes,yes,yes,no,4,2,5,3,4,5,2
370,GP,F,19,Urban,Greater than 3,Living together,primary education (4th grade),primary education (4th grade),other,other,course,other,30 min. to 1 hour,5 to 10 hours,0,no,no,no,yes,yes,no,no,yes,1,5,5,4,3,5,12
371,GP,F,19,Urban,Less than or equal to 3,Apart,primary education (4th grade),primary education (4th grade),other,other,course,other,30 min. to 1 hour,2 to 5 hours,2,no,yes,no,no,no,yes,yes,yes,5,3,4,1,1,4,2
372,GP,F,18,Urban,Greater than 3,Living together,5th to 9th grade,5th to 9th grade,other,other,course,mother,<15 min.,<2 hours,0,no,yes,no,yes,yes,yes,yes,yes,4,3,5,2,4,5,2
373,GP,F,17,Urban,Greater than 3,Living together,5th to 9th grade,5th to 9th grade,other,other,course,mother,<15 min.,2 to 5 hours,0,no,yes,no,no,yes,yes,no,yes,4,2,2,1,1,3,4
374,GP,F,17,Rural,Less than or equal to 3,Living together,5th to 9th grade,5th to 9th grade,services,services,course,mother,<15 min.,5 to 10 hours,0,no,yes,no,yes,yes,yes,yes,no,3,3,2,2,2,3,0
375,GP,F,17,Urban,Greater than 3,Living together,secondary education,primary education (4th grade),services,services,course,father,<15 min.,5 to 10 hours,0,no,yes,no,no,no,yes,yes,no,3,4,3,2,3,5,0
376,GP,F,17,Urban,Less than or equal to 3,Living together,none,5th to 9th grade,at_home,at_home,home,father,15 to 30 min.,5 to 10 hours,0,no,no,no,no,yes,yes,yes,no,3,3,3,2,3,2,0
377,GP,F,18,Urban,Greater than 3,Living together,primary education (4th grade),primary education (4th grade),other,other,home,mother,15 to 30 min.,5 to 10 hours,0,no,no,no,yes,yes,yes,yes,no,4,5,5,1,2,2,0
378,GP,M,18,Urban,Greater than 3,Living together,higher education,higher education,other,other,course,mother,<15 min.,5 to 10 hours,0,no,no,no,yes,yes,yes,yes,no,4,3,3,2,2,3,0
379,GP,M,17,Urban,Greater than 3,Living together,secondary education,secondary education,other,services,reputation,mother,<15 min.,<2 hours,0,no,no,no,yes,no,yes,yes,no,4,3,5,3,5,5,0
380,GP,M,17,Rural,Greater than 3,Living together,5th to 9th grade,5th to 9th grade,services,other,course,mother,>1 hour,<2 hours,0,no,yes,no,no,yes,yes,yes,no,4,4,5,5,5,4,2
381,GP,F,17,Urban,Greater than 3,Living together,higher education,higher education,teacher,services,course,mother,<15 min.,5 to 10 hours,0,no,yes,no,yes,yes,yes,yes,no,5,4,4,1,3,4,0
382,GP,F,17,Urban,Greater than 3,Living together,higher education,higher education,teacher,teacher,course,mother,15 to 30 min.,5 to 10 hours,0,no,yes,no,no,no,yes,yes,yes,4,3,3,1,2,4,4
383,GP,F,17,Urban,Greater than 3,Living together,secondary education,secondary education,at_home,other,course,mother,<15 min.,<2 hours,0,no,yes,yes,yes,yes,yes,yes,no,4,2,5,2,5,5,2
384,GP,M,18,Urban,Less than or equal to 3,Living together,5th to 9th grade,5th to 9th grade,other,other,course,mother,<15 min.,>10 hours,0,no,yes,yes,yes,yes,yes,yes,no,4,5,5,2,4,5,0
385,GP,M,19,Rural,Greater than 3,Living together,secondary education,5th to 9th grade,at_home,services,home,other,<15 min.,<2 hours,0,no,yes,no,no,no,yes,no,yes,5,3,4,2,2,5,0
386,GP,F,18,Urban,Greater than 3,Living together,5th to 9th grade,5th to 9th grade,at_home,other,course,mother,>1 hour,2 to 5 hours,0,no,no,no,yes,yes,yes,no,yes,4,2,5,1,1,2,2
387,GP,F,17,Rural,Greater than 3,Living together,5th to 9th grade,higher education,at_home,other,course,father,<15 min.,5 to 10 hours,0,no,yes,no,no,yes,yes,yes,yes,4,4,3,1,1,5,0
388,GP,M,18,Urban,Greater than 3,Living together,5th to 9th grade,5th to 9th grade,other,other,reputation,mother,<15 min.,<2 hours,0,no,no,no,no,no,yes,yes,no,5,4,2,1,2,5,6
389,GP,F,18,Urban,Greater than 3,Living together,secondary education,secondary education,services,services,home,mother,<15 min.,2 to 5 hours,0,no,no,no,yes,yes,yes,yes,no,5,3,4,1,1,4,8
390,GP,F,18,Urban,Less than or equal to 3,Living together,5th to 9th grade,5th to 9th grade,other,other,home,other,<15 min.,2 to 5 hours,0,no,no,no,yes,no,yes,yes,yes,4,3,3,1,1,2,0
391,GP,F,18,Rural,Greater than 3,Living together,5th to 9th grade,5th to 9th grade,at_home,other,course,mother,15 to 30 min.,>10 hours,0,no,no,no,yes,yes,yes,no,no,4,4,4,1,1,4,6
392,GP,F,17,Urban,Greater than 3,Living together,secondary education,higher education,services,other,course,mother,<15 min.,5 to 10 hours,0,no,no,no,no,yes,yes,yes,no,4,4,5,1,3,5,8
393,GP,F,17,Urban,Greater than 3,Living together,secondary education,5th to 9th grade,other,other,home,mother,<15 min.,2 to 5 hours,0,no,yes,no,no,yes,yes,yes,yes,4,3,2,2,3,2,0
394,GP,F,18,Urban,Less than or equal to 3,Living together,secondary education,secondary education,services,services,home,mother,<15 min.,>10 hours,0,no,yes,no,no,yes,yes,yes,no,5,3,3,1,1,1,4
395,GP,F,17,Rural,Greater than 3,Apart,secondary education,5th to 9th grade,other,other,home,mother,<15 min.,2 to 5 hours,0,no,yes,no,no,yes,yes,yes,no,4,3,3,2,3,2,0
